NF ID,NF Name
1,ABN_eNB193748_VC
2,ABN_eNB193777_VC
3,ABN_eNB194745
4,ABN_eNB194779
5,ABN_eNB194796
6,ABN_eNB195741
7,ARH_290113_VC
8,ARH_eNB0290201_VC
9,ARH_eNB0293026_MGF
10,ARH_eNB0293049_MGF
11,ARH_eNB0293500_VC
12,ARH_eNB290106
13,ARH_eNB290116_VC
14,ARH_eNB292004_VC
15,ARH_eNB292521
16,ARH_eNB292542_VC
17,ARH_eNB292573
18,ARH_eNB292580
19,ARH_eNB293003_MGF
20,ARH_eNB293009_MGF
21,ARH_eNB293038_MGF
22,ARH_eNB293042_MGF
23,ARH_eNB293046_MGF
24,ARH_eNB293057_MGF
25,ARH_eNB293063_MGF
26,ARH_eNB293070_MGF
27,ARH_eNB293078_MGF
28,ARH_eNB293084_MGF
29,ARH_eNB293089_MGF
30,ARH_eNB293102_MGF
31,ARH_eNB293123_MGF
32,ARH_eNB293134_MGF
33,ARH_eNB293144_MGF
34,ARH_eNB293150_MGF
35,ARH_eNB293160_MGF
36,ARH_eNB293171_MGF
37,ARH_eNB293182_MGF
38,ARH_eNB293211_MGF
39,ARH_eNB293212_MGF
40,ARH_eNB293315_MGF
41,ARH_eNB293349_MGF
42,ARH_eNB293364_MGF
43,ARH_eNB293371_MGF
44,ARH_eNB293526_VC
45,ARH_eNB293575_MGF
46,ARH_eNB293577_MGF
47,ARH_eNB295218
48,ARH_eNB295234_VC
49,ARH_eNB832553
50,ARH_eNB832554
51,ARH_eNB833405_VC
52,AST_eNB0300003_VC
53,AST_eNB0300005_VC
54,AST_eNB0300053_VC
55,AST_eNB0300059_VC
56,AST_eNB0300061_VC
57,AST_eNB0300063_VC
58,AST_eNB0300070_VC
59,AST_eNB0300086_VC
60,AST_eNB0300093_VC
61,AST_eNB0300204_VC
62,AST_eNB0300217_VC
63,AST_eNB0300220_VC
64,AST_eNB0300233_VC
65,AST_eNB0302457_VC
66,AST_eNB0302459_VC
67,AST_eNB0302460_VC
68,AST_eNB0302506_VC
69,AST_eNB0302509_VC
70,AST_eNB0302511_VC
71,AST_eNB0302518_VC
72,AST_eNB0302523_VC
73,AST_eNB0302525_VC
74,AST_eNB0302533_VC
75,AST_eNB0302910_VC
76,AST_eNB0302923_VC
77,AST_eNB0302933_VC
78,AST_eNB0302935_VC
79,AST_eNB0302941_VC
80,AST_eNB0302942_VC
81,AST_eNB0303978_VC
82,AST_eNB0304905_VC
83,AST_eNB0304906_VC
84,AST_eNB0304943_VC
85,AST_eNB0304947_VC
86,AST_eNB0304961_VC
87,AST_eNB0304986_VC
88,AST_eNB0304995_VC
89,AST_eNB0304997_VC
90,AST_eNB0305002_VC
91,AST_eNB0305907_VC
92,AST_eNB0305915_VC
93,AST_eNB0305920_VC
94,AST_eNB0305936_VC
95,AST_eNB0305942_VC
96,AST_eNB0305944_VC
97,AST_eNB0305947_VC
98,AST_eNB300435_VC
99,AST_eNB300438_VC
100,AST_eNB300444_VC
101,AST_eNB300996_VC
102,AST_eNB300998_VC
103,AST_eNB301101_VC
104,AST_eNB302903
105,AST_eNB302914
106,AST_eNB304910
107,AST_eNB304930
108,AST_eNB304983
109,AST_eNB304989
110,AST_eNB305010_VC
111,AST_eNB305026_VC
112,BGR_eNB0318351_VC
113,BGR_eNB0318767_VC
114,BGR_eNB318013
115,BGR_eNB318033
116,BGR_eNB318042
117,BGR_eNB318050
118,BGR_eNB318055
119,BGR_eNB318089_VC
120,BGR_eNB318102
121,BGR_eNB318117
122,BGR_eNB318137
123,BGR_eNB318260
124,BGR_eNB318279
125,BGR_eNB318308
126,BGR_eNB318322
127,BGR_eNB318333
128,BGR_eNB318343
129,BGR_eNB318344
130,BGR_eNB318390
131,BGR_eNB318405
132,BGR_eNB318418
133,BGR_eNB318419
134,BGR_eNB318425
135,BGR_eNB318433
136,BGR_eNB318434
137,BGR_eNB318442
138,BGR_eNB318455
139,BGR_eNB318461
140,BGR_eNB318508
141,BGR_eNB318532
142,BGR_eNB318538
143,BGR_eNB318553
144,BGR_eNB318566
145,BGR_eNB318604_VC
146,BGR_eNB318619_VC
147,BGR_eNB318759
148,BGR_eNB318760
149,BRN_220093_VC
150,BRN_eNB0220057_VC
151,BRN_eNB0220909_VC
152,BRN_eNB0220922_VC
153,BRN_eNB0220961_VC
154,BRN_eNB0220963_VC
155,BRN_eNB0220965_VC
156,BRN_eNB0220975_VC
157,BRN_eNB0220976_VC
158,BRN_eNB0222011_VC
159,BRN_eNB0222648_VC
160,BRN_eNB0223016_VC
161,BRN_eNB0223612_VC
162,BRN_eNB0223627_VC
163,BRN_eNB0228105_VC
164,BRN_eNB0228153_VC
165,BRN_eNB220352_VC
166,BRN_eNB220370_VC
167,BRN_eNB221354
168,BRN_eNB221600
169,BRN_eNB221698
170,BRN_eNB222046
171,BRN_eNB222048
172,BRN_eNB222064
173,BRN_eNB222066
174,BRN_eNB222069
175,BRN_eNB222070
176,BRN_eNB222099
177,BRN_eNB222629
178,BRN_eNB222653
179,BRN_eNB223010
180,BRN_eNB223012
181,BRN_eNB223073
182,BRN_eNB223684
183,BRN_eNB224636
184,BRN_eNB224650
185,BRN_eNB224696
186,BRN_eNB225619
187,BRN_eNB225629
188,BRN_eNB225645
189,BRN_eNB225697
190,BRN_eNB226003
191,BRN_eNB226043
192,BRN_eNB226071_VC
193,BRN_eNB228128
194,BRN_eNB228137
195,BRS_321402_VC
196,BRS_eNB0321001_VC
197,BRS_eNB0321048_VC
198,BRS_eNB0321178_VC
199,BRS_eNB0321212_VC
200,BRS_eNB0321275_VC
201,BRS_eNB0321286_VC
202,BRS_eNB0321297_VC
203,BRS_eNB0321381_VC
204,BRS_eNB0322101_VC
205,BRS_eNB321025_VC
206,BRS_eNB321070_VC
207,BRS_eNB321409_VC
208,BRS_eNB321423_VC
209,BRS_eNB321431_VC
210,BUR_eNB036318
211,BUR_eNB036381
212,BUR_eNB039517
213,CHB_eNB215019
214,CHB_eNB216030
215,CHB_eNB217040
216,CHT_eNB752937
217,CHT_eNB752957
218,CHT_eNB752988
219,CHT_eNB752997
220,CHT_eNB753907
221,CHT_eNB753945
222,CLB_eNB0744686_VC
223,EKB_eNB661420_VC
224,EKB_eNB662709
225,EKB_eNB662811
226,EKB_eNB663014
227,EKB_eNB663063
228,EKB_eNB663074
229,EKB_eNB664033
230,EKB_eNB664051
231,EKB_eNB664163
232,EKB_eNB664174
233,EKB_eNB664194
234,EKB_eNB664721
235,EKB_eNB665194_VC
236,EKB_eNB665720
237,EKB_eNB665771
238,EKB_eNB665788
239,EKB_eNB666125
240,EKB_eNB666174_VC
241,EKB_eNB666217
242,EKB_eNB668234_VC
243,ELISA_ESTONIA
244,ELS_eNB0082701_VC
245,ELS_eNB0083909_VC
246,ELS_eNB080252_VC
247,ELS_eNB082065_VC
248,ELS_eNB082751_VC
249,ELS_eNB082756_VC
250,ELS_eNB085968_VC
251,GGSN10MSK
252,GGSN10NSK
253,GGSN10RND
254,GGSN11MSK
255,GGSN11NSK
256,GGSN11RND
257,GGSN12MSK
258,GGSN12RND
259,GGSN13MSK
260,GGSN13RND
261,GGSN14MSK
262,GGSN14RND
263,GGSN15RND
264,GGSN16RND
265,GGSN1IRK
266,GGSN2STV
267,GGSN3IRK
268,GGSN3KHB
269,GGSN3SRT
270,GGSN4EKB
271,GGSN4SRT
272,GGSN5EKB
273,GGSN5NNV
274,GGSN6CHL
275,GGSN7MSK
276,GGSN8MSK
277,GGSN8NSK
278,GGSN9MSK
279,GGSN9NSK
280,GRZ_eNB201079_VC
281,GRZ_eNB205343_VC
282,IRK_826649_MTS
283,IRK_827043_MTS
284,IVN_61182_MTS
285,IVN_61224_MTS
286,IVN_61230_MTS
287,IVN_61333_MTS
288,IVN_61340_MTS
289,IVN_61358_MTS
290,IVN_61501_MTS
291,IVN_61672_MTS
292,IVN_61695_MTS
293,IVN_eNB0061100_MTS
294,IVN_eNB0061155_MTS
295,IVN_eNB0061188_MTS
296,IVN_eNB0061236_MTS
297,IVN_eNB0061261_MTS
298,IVN_eNB0061350_MTS
299,IVN_eNB0061401_MTS
300,IVN_eNB0061402_MTS
301,IVN_eNB0061682_MTS
302,IVN_eNB0061702_MTS
303,IVN_eNB0370003_VC
304,IVN_eNB061150_MTS
305,IVN_eNB061219_MTS
306,IVN_eNB061222_MTS
307,IVN_eNB061249_MTS
308,IVN_eNB061253_MTS
309,IVN_eNB061360_MTS
310,IVN_eNB061384_MTS
311,IVN_eNB061385_MTS
312,IVN_eNB061397_MTS
313,IVN_eNB061415_MTS
314,IVN_eNB061505_MTS
315,IVN_eNB061601_MTS
316,IVN_eNB061622_MTS
317,IVN_eNB061634_MTS
318,IVN_eNB061635_MTS
319,IVN_eNB061647_MTS
320,IVN_eNB061648_MTS
321,IVN_eNB061674_MTS
322,IVN_eNB061728_MTS
323,IVN_eNB061801_MTS
324,IVN_eNB063301_MTS
325,IVN_eNB063370_MTS
326,IVN_eNB063397_MTS
327,IVN_eNB063605_MTS
328,IVN_eNB063623_MTS
329,IVN_eNB063624_MTS
330,KAM_eNB283232
331,KAM_eNB284268_VC
332,KAM_eNB285223
333,KAM_eNB285247
334,KAM_eNB285252
335,KAM_eNB285267_VC
336,KAM_eNB286231
337,KAM_eNB286279
338,KAM_eNB287232
339,KAR-TEL_KAZAKHSTAN
340,KHB_817141_MTS
341,KHB_eNB0794924_VC
342,KHB_eNB817035_MTS
343,KHB_eNB817090_MTS
344,KHB_eNB817218_MTS
345,KHB_eNB817243_MTS
346,KHB_eNB817329_MTS
347,KHB_eNB817507_MTS
348,KHB_eNB817508_MTS
349,KHB_eNB817571_MTS
350,KIR_eNB0322675_MTS
351,KIR_eNB321021_MTS
352,KIR_eNB321027_MTS
353,KIR_eNB321031_MTS
354,KIR_eNB321035_MTS
355,KIR_eNB321041_MTS
356,KIR_eNB321043_MTS
357,KIR_eNB321054_MTS
358,KIR_eNB321103_MTS
359,KIR_eNB321116_MTS
360,KIR_eNB321152_MTS
361,KIR_eNB321154_MTS
362,KIR_eNB321156_MTS
363,KIR_eNB321168_MTS
364,KIR_eNB321170_MTS
365,KIR_eNB321184_MTS
366,KIR_eNB321231_MTS
367,KIR_eNB321241_MTS
368,KIR_eNB321319_MTS
369,KIR_eNB321324_MTS
370,KIR_eNB321325_MTS
371,KIR_eNB321330_MTS
372,KIR_eNB321342_MTS
373,KIR_eNB321343_MTS
374,KIR_eNB321351_MTS
375,KIR_eNB321355_MTS
376,KIR_eNB321360_MTS
377,KIR_eNB321362_MTS
378,KIR_eNB321373_MTS
379,KIR_eNB321378_MTS
380,KIR_eNB321382_MTS
381,KIR_eNB321385_MTS
382,KLG_71031_MTS
383,KLG_71069_MTS
384,KLG_71480_MTS
385,KLG_71505_MTS
386,KLG_71627_MTS
387,KLG_eNB0070026_MTS
388,KLG_eNB0070049_MTS
389,KLG_eNB0070080_MTS
390,KLG_eNB0070234_MTS
391,KLG_eNB0070501_MTS
392,KLG_eNB0070818_MTS
393,KLG_eNB0071025_MTS
394,KLG_eNB0071046_MTS
395,KLG_eNB0071053_MTS
396,KLG_eNB0071088_MTS
397,KLG_eNB0071098_MTS
398,KLG_eNB0071107_MTS
399,KLG_eNB0071156_MTS
400,KLG_eNB0071160_MTS
401,KLG_eNB0071201_MTS
402,KLG_eNB0071300_MTS
403,KLG_eNB0071319_MTS
404,KLG_eNB0071340_MTS
405,KLG_eNB0071378_MTS
406,KLG_eNB0071432_MTS
407,KLG_eNB0071528_MTS
408,KLG_eNB0071634_MTS
409,KLG_eNB0071715_MTS
410,KLG_eNB0071836_MTS
411,KLG_eNB0071837_MTS
412,KLG_eNB0071909_MTS
413,KLG_eNB0072528_MTS
414,KLG_eNB0072801_MTS
415,KLG_eNB071012_MTS
416,KLG_eNB071229_MTS
417,KLG_eNB071602_MTS
418,KLG_eNB071692_MTS
419,KLG_eNB071852_MTS
420,KLG_eNB071902_MTS
421,KLG_eNB071906_MTS
422,KLG_eNB071911_MTS
423,KLG_eNB071918_MTS
424,KLG_eNB071935_MTS
425,KLG_eNB071940_MTS
426,KLG_eNB071973_MTS
427,KLG_eNB071975_MTS
428,KLG_eNB072211_MTS
429,KMR_421330_VC
430,KMR_eNB0421717_VC
431,KMR_eNB0422576_VC
432,KMR_eNB0424567_VC
433,KMR_eNB0424981_VC
434,KMR_eNB420514
435,KMR_eNB421087_VC
436,KMR_eNB421105
437,KMR_eNB421144
438,KMR_eNB421183
439,KMR_eNB421217_VC
440,KMR_eNB421348_VC
441,KMR_eNB421415
442,KMR_eNB421442
443,KMR_eNB421483
444,KMR_eNB421488
445,KMR_eNB421554
446,KMR_eNB421730
447,KMR_eNB421775
448,KMR_eNB421799
449,KMR_eNB422407
450,KMR_eNB422417
451,KMR_eNB422418
452,KMR_eNB422428_VC
453,KMR_eNB422442_VC
454,KMR_eNB422460
455,KMR_eNB422501
456,KMR_eNB422516
457,KMR_eNB422522
458,KMR_eNB422527
459,KMR_eNB422531
460,KMR_eNB422534
461,KMR_eNB422546
462,KMR_eNB423509
463,KMR_eNB423528
464,KMR_eNB423561
465,KMR_eNB423566
466,KMR_eNB423567
467,KMR_eNB423577
468,KMR_eNB423585
469,KMR_eNB423588
470,KMR_eNB424503
471,KMR_eNB424504
472,KMR_eNB424507
473,KMR_eNB424525
474,KMR_eNB424529
475,KMR_eNB424561
476,KMR_eNB424566
477,KMR_eNB424580
478,KMR_eNB424585
479,KMR_eNB424589
480,KMR_eNB424593
481,KMR_eNB424939
482,KMR_eNB424947
483,KMR_eNB424949
484,KMR_eNB424966
485,KMR_eNB424976
486,KMR_eNB424993
487,KMR_eNB424997
488,KMR_eNB425507
489,KMR_eNB425528
490,KMR_eNB425543
491,KMR_eNB425554
492,KMR_eNB425593
493,KMR_eNB426519
494,KMR_eNB427506
495,KMR_eNB427973
496,KNG_391269_VC
497,KNG_395629_VC
498,KNG_eNB391261
499,KNG_eNB393793
500,KNG_eNB394707
501,KNG_eNB395799
502,KRD_eNB0012113_VC
503,KRD_eNB011015_VC
504,KRD_eNB0230012_VC
505,KRD_eNB0230031_VC
506,KRD_eNB0230522_VC
507,KRD_eNB0230711_VC
508,KRD_eNB0231232_VC
509,KRD_eNB0231757_VC
510,KRD_eNB0231935_VC
511,KRD_eNB0232237_VC
512,KRD_eNB0232362_VC
513,KRD_eNB0232372_VC
514,KRD_eNB0232413_VC
515,KRD_eNB0232526_VC
516,KRD_eNB0232784_VC
517,KRD_eNB0233070_VC
518,KRD_eNB0233306_VC
519,KRD_eNB0233370_VC
520,KRD_eNB0234006_VC
521,KRD_eNB0234100_VC
522,KRD_eNB0234178_VC
523,KRD_eNB0234201_VC
524,KRD_eNB0234637_VC
525,KRD_eNB0234688_VC
526,KRD_eNB0236301_VC
527,KRD_eNB0236336_VC
528,KRD_eNB0236684_VC
529,KRD_eNB0236910_VC
530,KRD_eNB0236952_VC
531,KRD_eNB0239312_VC
532,KRD_eNB0239346_VC
533,KRD_eNB0239375_VC
534,KRD_eNB0239917_VC
535,KRD_eNB0239921_VC
536,KRD_eNB230715
537,KRD_eNB231533_VC
538,KRD_eNB231603_VC
539,KRD_eNB231604_VC
540,KRD_eNB231685_VC
541,KRD_eNB232578_VC
542,KRD_eNB233071
543,KRD_eNB234056
544,KRD_eNB234062
545,KRD_eNB234069
546,KRD_eNB234654
547,KRD_eNB235034_VC
548,KRD_eNB235196_VC
549,KRD_eNB235276_VC
550,KRD_eNB235280_VC
551,KRD_eNB235309_VC
552,KRD_eNB235323_VC
553,KRD_eNB235383_VC
554,KRD_eNB235406_VC
555,KRD_eNB235447_VC
556,KRD_eNB235462_VC
557,KRD_eNB235767_VC
558,KRD_eNB235773_VC
559,KRD_eNB235808_VC
560,KRD_eNB235820_VC
561,KRD_eNB235830_VC
562,KRD_eNB236374
563,KRD_eNB236634
564,KRD_eNB236639
565,KRD_eNB236641
566,KRD_eNB238702
567,KRD_eNB238739
568,KRD_eNB238780
569,KRD_eNB238795
570,KRD_eNB239327
571,KRD_eNB239348
572,KRN_eNB452265
573,KRN_eNB452274
574,KRN_eNB453220
575,KRN_eNB453237
576,KRN_eNB453246
577,KRS_710001_MTS
578,KRS_710597_MTS
579,KRS_eNB0709492_MTS
580,KRS_eNB0710412_MTS
581,KRS_eNB0710423_MTS
582,KRS_eNB0710478_MTS
583,KRS_eNB709004_MTS
584,KRS_eNB709014_MTS
585,KRS_eNB709038_MTS
586,KRS_eNB709051_MTS
587,KRS_eNB709090_MTS
588,KRS_eNB709124_MTS
589,KRS_eNB709146_MTS
590,KRS_eNB709150_MTS
591,KRS_eNB709182_MTS
592,KRS_eNB709215_MTS
593,KRS_eNB709274_MTS
594,KRS_eNB709311_MTS
595,KRS_eNB709337_MTS
596,KRS_eNB709340_MTS
597,KRS_eNB709390_MTS
598,KRS_eNB709499_MTS
599,KRS_eNB709537_MTS
600,KRS_eNB709621_MTS
601,KRS_eNB709726_MTS
602,KRS_eNB709742_MTS
603,KRS_eNB709809_MTS
604,KRS_eNB709826_MTS
605,KRS_eNB709827_MTS
606,KRS_eNB710005_MTS
607,KRS_eNB710012_MTS
608,KRS_eNB710024_MTS
609,KRS_eNB710028_MTS
610,KRS_eNB710036_MTS
611,KRS_eNB710043_MTS
612,KRS_eNB710047_MTS
613,KRS_eNB710048_MTS
614,KRS_eNB710066_MTS
615,KRS_eNB710074_MTS
616,KRS_eNB710083_MTS
617,KRS_eNB710084_MTS
618,KRS_eNB710086_MTS
619,KRS_eNB710121_MTS
620,KRS_eNB710145_MTS
621,KRS_eNB710147_MTS
622,KRS_eNB710169_MTS
623,KRS_eNB710226_MTS
624,KRS_eNB710230_MTS
625,KRS_eNB710260_MTS
626,KRS_eNB710268_MTS
627,KRS_eNB710465_MTS
628,KRS_eNB710502_MTS
629,KRS_eNB710522_MTS
630,KRS_eNB710525_MTS
631,KRS_eNB710563_MTS
632,ABN_193749_VC
633,ABN_eNB173902
634,ABN_eNB174711
635,ABN_eNB193766_VC
636,ABN_eNB193836
637,ABN_eNB194748
638,ABN_eNB194758
639,ABN_eNB194793
640,ABN_eNB195718
641,ARH_eNB0293050_MGF
642,ARH_eNB0293124_MGF
643,ARH_eNB290108
644,ARH_eNB290111_VC
645,ARH_eNB290114_VC
646,ARH_eNB292531_VC
647,ARH_eNB293004_MGF
648,ARH_eNB293034_MGF
649,ARH_eNB293036_MGF
650,ARH_eNB293047_MGF
651,ARH_eNB293052_MGF
652,ARH_eNB293055_MGF
653,ARH_eNB293074_MGF
654,ARH_eNB293082_MGF
655,ARH_eNB293094_MGF
656,ARH_eNB293095_MGF
657,ARH_eNB293106_MGF
658,ARH_eNB293112_MGF
659,ARH_eNB293132_MGF
660,ARH_eNB293137_MGF
661,ARH_eNB293152_MGF
662,ARH_eNB293158_MGF
663,ARH_eNB293317_MGF
664,ARH_eNB293340_VC
665,ARH_eNB293369_VC
666,ARH_eNB293387_MGF
667,ARH_eNB293535_VC
668,ARH_eNB293576_MGF
669,ARH_eNB295206
670,ARH_eNB295267
671,ARH_eNB295542
672,ARH_eNB299319_VC
673,AST_eNB0300001_VC
674,AST_eNB0300002_VC
675,AST_eNB0300004_VC
676,AST_eNB0300014_VC
677,AST_eNB0300019_VC
678,AST_eNB0300021_VC
679,AST_eNB0300024_VC
680,AST_eNB0300035_VC
681,AST_eNB0300038_VC
682,AST_eNB0300050_VC
683,AST_eNB0300064_VC
684,AST_eNB0300066_VC
685,AST_eNB0300084_VC
686,AST_eNB0302451_VC
687,AST_eNB0302458_VC
688,AST_eNB0302476_VC
689,AST_eNB0302503_VC
690,AST_eNB0302519_VC
691,AST_eNB0302907_VC
692,AST_eNB0302908_VC
693,AST_eNB0302926_VC
694,AST_eNB0302931_VC
695,AST_eNB0302936_VC
696,AST_eNB0303955_VC
697,AST_eNB0303980_VC
698,AST_eNB0303991_VC
699,AST_eNB0303998_VC
700,AST_eNB0304907_VC
701,AST_eNB0304911_VC
702,AST_eNB0304926_VC
703,AST_eNB0304931_VC
704,AST_eNB0304939_VC
705,AST_eNB0304968_VC
706,AST_eNB0304975_VC
707,AST_eNB0304976_VC
708,AST_eNB0305000_VC
709,AST_eNB0305003_VC
710,AST_eNB0305903_VC
711,AST_eNB0305912_VC
712,AST_eNB0305921_VC
713,AST_eNB300057_VC
714,AST_eNB300176_VC
715,AST_eNB300202
716,AST_eNB300280_VC
717,AST_eNB300320_VC
718,AST_eNB300990_VC
719,AST_eNB302909_VC
720,AST_eNB302916
721,AST_eNB303964
722,AST_eNB303986
723,AST_eNB303987
724,AST_eNB304987
725,AST_eNB304996
726,AST_eNB308500_VC
727,AST_eNB308503_VC
728,AST_eNB308504_VC
729,AST_eNB308511_VC
730,BGR_eNB0318374_VC
731,BGR_eNB0318502_VC
732,BGR_eNB318018
733,BGR_eNB318021
734,BGR_eNB318034
735,BGR_eNB318056
736,BGR_eNB318073_VC
737,BGR_eNB318125
738,BGR_eNB318173
739,BGR_eNB318177
740,BGR_eNB318201
741,BGR_eNB318247
742,BGR_eNB318283
743,BGR_eNB318292
744,BGR_eNB318331
745,BGR_eNB318338
746,BGR_eNB318373
747,BGR_eNB318380
748,BGR_eNB318382
749,BGR_eNB318384
750,BGR_eNB318398
751,BGR_eNB318407
752,BGR_eNB318446
753,BGR_eNB318476
754,BGR_eNB318477
755,BGR_eNB318481
756,BGR_eNB318489
757,BGR_eNB318498
758,BGR_eNB318516
759,BGR_eNB318544
760,BGR_eNB318570
761,BGR_eNB318576
762,BGR_eNB318579
763,BGR_eNB318592
764,BGR_eNB318727
765,BGR_eNB318784_VC
766,BRN_226151_VC
767,BRN_eNB0041385_VC
768,BRN_eNB0220631_VC
769,BRN_eNB0220659_VC
770,BRN_eNB0220677_VC
771,BRN_eNB0220918_VC
772,BRN_eNB0220927_VC
773,BRN_eNB0220934_VC
774,BRN_eNB0220959_VC
775,BRN_eNB0221637_VC
776,BRN_eNB0223656_VC
777,BRN_eNB0226098_VC
778,BRN_eNB040300_VC
779,BRN_eNB041361
780,BRN_eNB041386
781,BRN_eNB041690
782,BRN_eNB044699_VC
783,BRN_eNB046047
784,BRN_eNB220608_VC
785,BRN_eNB221344
786,BRN_eNB221377
787,BRN_eNB221669
788,BRN_eNB222096
789,BRN_eNB222098
790,BRN_eNB222652_VC
791,BRN_eNB222690
792,BRN_eNB223025
793,BRN_eNB223028_VC
794,BRN_eNB223032
795,BRN_eNB223082
796,BRN_eNB223083
797,BRN_eNB223086
798,BRN_eNB223089
799,BRN_eNB223634
800,BRN_eNB223651_VC
801,BRN_eNB223658
802,BRN_eNB223696
803,BRN_eNB224648
804,BRN_eNB224675
805,BRN_eNB225607
806,BRN_eNB225626
807,BRN_eNB226042
808,BRN_eNB226055
809,BRS_321428_VC
810,BRS_eNB0321121_VC
811,BRS_eNB0321182_VC
812,BRS_eNB0321209_VC
813,BRS_eNB0321249_VC
814,BRS_eNB0321283_VC
815,BRS_eNB0322248_VC
816,BRS_eNB321193_VC
817,BRS_eNB322118_VC
818,BUR_39547_VC
819,BUR_39561_VC
820,BUR_eNB036352
821,BUR_eNB036363
822,BUR_eNB038501
823,CHB_eNB213080
824,CHB_eNB216069
825,CHB_eNB216083
826,CHB_eNB217028
827,CHT_eNB752906
828,CHT_eNB752968
829,CLB_660627_MTS
830,CLB_661369_MTS
831,EKB_eNB662109
832,EKB_eNB662163
833,EKB_eNB662178
834,EKB_eNB663001
835,EKB_eNB663007
836,EKB_eNB663104
837,EKB_eNB663500_VC
838,EKB_eNB664071
839,EKB_eNB664136
840,EKB_eNB664150
841,EKB_eNB664172_VC
842,EKB_eNB664741
843,EKB_eNB665199
844,EKB_eNB665780
845,EKB_eNB666026
846,EKB_eNB666211
847,EKB_eNB666266
848,EKB_eNB666301
849,EKB_eNB667767_VC
850,ELS_eNB0080010_VC
851,ELS_eNB0082702_VC
852,ELS_eNB0082970_VC
853,ELS_eNB0083949_VC
854,ELS_eNB081001_VC
855,ELS_eNB081005_VC
856,ELS_eNB082757_VC
857,GGSN04MSK
858,YAR-DC1-XGWU52
859,Other
860,YAR-DC1-XGWU53
861,YAR-DC2-XGWU154
862,YAR-DC1-XGWU51
863,YAR-DC2-XGWU153
864,YAR-DC2-XGWU152
865,YAR-DC1-XGWU54
866,YAR-DC2-XGWU151
867,MSK_503261_VC
868,MSK_506007_VC
869,MSK_508189_VC
870,MSK_eNB504054
871,MSK_eNB504078
872,MSK_eNB505899
873,MSK_eNB505954
874,MSK_eNB508717
875,MSK_eNB771557
876,MSK_eNB771605
877,MSK_eNB771708
878,MSK_eNB771746
879,MSK_eNB771951
880,MSK_eNB772402
881,MSK_eNB772530
882,MSK_eNB772604
883,MSK_eNB772765
884,MSK_eNB773216
885,MSK_eNB773276
886,MSK_eNB773553
887,MSK_eNB773678
888,MSK_eNB773810
889,MSK_eNB773832
890,MSK_eNB773928
891,MSK_eNB774084
892,MSK_eNB774093
893,MSK_eNB774103
894,MSK_eNB774327
895,MSK_eNB774358
896,MSK_eNB774778
897,MSK_eNB775016
898,MSK_eNB775069
899,MSK_eNB775201
900,MSK_eNB775414
901,MSK_eNB776444_VC
902,MSK_eNB776617_VC
903,MSK_eNB778178_VC
904,MSK_eNB778233_VC
905,MSK_eNB778738_VC
906,MSK_eNB778824_VC
907,MSK_eNB778832_VC
908,MSK_eNB779702_VC
909,MSK_eNB997285_VC
910,ABN_eNB193818
911,ABN_eNB194743
912,ABN_eNB194747
913,BRN_226406_VC
914,BRN_eNB042691_VC
915,BRN_eNB044622
916,BRN_eNB046091
917,BRN_eNB220367_VC
918,BRN_eNB221351
919,BRN_eNB221663
920,BRN_eNB222003_VC
921,BRN_eNB222004
922,BRN_eNB222068
923,BRN_eNB223003
924,BRN_eNB223048_VC
925,BRN_eNB223098
926,BRN_eNB223601
927,BRN_eNB228114
928,BRN_eNB228150
929,KMR_eNB0421111_VC
930,KMR_eNB420519
931,KMR_eNB420542
932,KMR_eNB421109
933,KMR_eNB421411
934,KMR_eNB421565
935,KMR_eNB421756
936,KMR_eNB421776
937,KMR_eNB422421
938,KMR_eNB422508
939,KMR_eNB422566
940,KMR_eNB422595
941,KRS_eNB0246123_VC
942,KRS_eNB709010_MTS
943,KRS_eNB709054_MTS
944,KRS_eNB709095_MTS
945,KRS_eNB709241_MTS
946,KRS_eNB709248_MTS
947,KRS_eNB709353_MTS
948,KRS_eNB709387_MTS
949,KRS_eNB709416_MTS
950,KRS_eNB709515_MTS
951,KRS_eNB709554_MTS
952,KRS_eNB709630_MTS
953,KRS_eNB709743_MTS
954,KRS_eNB709783_MTS
955,KRS_eNB709784_MTS
956,KRS_eNB723089_MTS
957,KRS_eNB723097_MTS
958,KRS_eNB723099_MTS
959,KRS_eNB723126_MTS
960,KRS_eNB723137_MTS
961,KRS_eNB723139_MTS
962,KRS_eNB723145_MTS
963,NSK_eNB0540051_VC
964,NSK_eNB0540832_VC
965,NSK_eNB0540858_VC
966,NSK_eNB0544427_VC
967,NSK_eNB0544451_VC
968,NSK_eNB0544478_VC
969,NSK_eNB0544811_VC
970,NSK_eNB0545494_VC
971,NSK_eNB0545812_VC
972,NSK_eNB0546779_VC
973,NSK_eNB0546783_VC
974,NSK_eNB541045
975,NSK_eNB543407
976,NSK_eNB546455
977,NSK_eNB546790_VC
978,NSK_eNB546973_VC
979,OMS_732182_MTS
980,OMS_732275_MTS
981,OMS_733102_MTS
982,OMS_733120_MTS
983,OMS_733135_MTS
984,AST_eNB0300082_VC
985,AST_eNB0302524_VC
986,AST_eNB0304941_VC
987,AST_eNB0305924_VC
988,ELS_eNB082742_VC
989,ELS_eNB082755_VC
990,KLG_eNB072640_MTS
991,KLG_eNB072654_MTS
992,KLG_eNB072660_MTS
993,KRD_eNB238711
994,KRD_eNB239334
995,MKL_eNB0509099_MTS
996,MKL_eNB0509126_MTS
997,MKL_eNB0509129_MTS
998,MKL_eNB0509321_MTS
999,MKL_eNB0509336_MTS
1000,MKL_eNB0509379_MTS
1001,MKL_eNB0509386_MTS
1002,MKL_eNB0509407_MTS
1003,MKL_eNB0509414_MTS
1004,MKL_eNB0509769_MTS
1005,MKL_eNB0509805_MTS
1006,MKL_eNB0509955_MTS
1007,MKL_eNB0509958_MTS
1008,MKL_eNB0510109_MTS
1009,MKL_eNB0510157_MTS
1010,MKL_eNB0510189_MTS
1011,MKL_eNB0510247_MTS
1012,MKL_eNB510051_MTS
1013,NLC_eNB0071992_VC
1014,NLC_eNB0072621_VC
1015,NLC_eNB075309_VC
1016,NLC_eNB075609_VC
1017,NLC_eNB075610_VC
1018,RND_eNB0610021_VC
1019,RND_eNB0610042_VC
1020,RND_eNB0610254_VC
1021,RND_eNB0610645_VC
1022,RND_eNB0611162_VC
1023,RND_eNB0611952_VC
1024,RND_eNB0612009_VC
1025,RND_eNB0612014_VC
1026,RND_eNB0612046_VC
1027,RND_eNB0612105_VC
1028,RND_eNB0612140_VC
1029,RND_eNB0614080_VC
1030,RND_eNB0615162_VC
1031,RND_eNB0615165_VC
1032,RND_eNB0615168_VC
1033,RND_eNB0616097_VC
1034,RND_eNB0619019_VC
1035,RND_eNB0619624_VC
1036,RND_eNB610372_VC
1037,RND_eNB610580_VC
1038,RND_eNB610589_VC
1039,RND_eNB611010_VC
1040,RND_eNB611064_VC
1041,RND_eNB611071_VC
1042,RND_eNB611197
1043,SCH_eNB232797
1044,VLG_eNB340588
1045,VLG_eNB342164
1046,VLG_eNB343882
1047,VLG_eNB347824
1048,eNB85982
1049,MSK_501078_VC
1050,MSK_505005_VC
1051,MSK_507085_VC
1052,MSK_778805_VC
1053,MSK_eNB500609
1054,MSK_eNB502467
1055,MSK_eNB507558
1056,MSK_eNB770473
1057,MSK_eNB770606
1058,MSK_eNB771047
1059,MSK_eNB771368
1060,MSK_eNB771513
1061,MSK_eNB771663
1062,MSK_eNB772020
1063,MSK_eNB772114
1064,MSK_eNB772668
1065,MSK_eNB772792
1066,MSK_eNB772835
1067,MSK_eNB772862
1068,MSK_eNB772876_VC
1069,MSK_eNB772934
1070,MSK_eNB773472
1071,MSK_eNB773742
1072,MSK_eNB774075_VC
1073,MSK_eNB774295
1074,MSK_eNB774431
1075,MSK_eNB774444
1076,MSK_eNB774503
1077,MSK_eNB774613
1078,MSK_eNB774688
1079,MSK_eNB774750
1080,MSK_eNB775078
1081,MSK_eNB775476
1082,MSK_eNB775490
1083,MSK_eNB776460
1084,MSK_eNB776533_VC
1085,MSK_eNB778301_VC
1086,MSK_eNB778842
1087,MSK_eNB779276_VC
1088,MSK_eNB779335
1089,MSK_eNB991885_VC
1090,MSK_eNB992407_VC
1091,MSK_eNB995322_VC
1092,RNC1709MSK
1093,ABN_eNB193807
1094,ABN_eNB195742
1095,BRN_eNB043093_VC
1096,BRN_eNB221310_VC
1097,BRN_eNB221357_VC
1098,BRN_eNB221631_VC
1099,BRN_eNB222620
1100,BRN_eNB223078
1101,BRN_eNB223625
1102,BRN_eNB224640
1103,BRN_eNB225654_VC
1104,BRN_eNB226035
1105,BRN_eNB226086_VC
1106,BRN_eNB226212_VC
1107,BRN_eNB228129
1108,KMR_420569_VC
1109,KMR_422403_VC
1110,KMR_eNB0421420_VC
1111,KMR_eNB421503
1112,KMR_eNB421536
1113,KMR_eNB421563
1114,KMR_eNB421718
1115,KMR_eNB422494
1116,KMR_eNB423549
1117,KMR_eNB424524
1118,KMR_eNB424944
1119,KMR_eNB424948
1120,KMR_eNB426522
1121,KRS_710851_MTS
1122,KRS_eNB709005_MTS
1123,KRS_eNB709107_MTS
1124,KRS_eNB709151_MTS
1125,KRS_eNB709156_MTS
1126,KRS_eNB709232_MTS
1127,KRS_eNB709317_MTS
1128,KRS_eNB709373_MTS
1129,KRS_eNB709474_MTS
1130,KRS_eNB709516_MTS
1131,KRS_eNB709523_MTS
1132,KRS_eNB709533_MTS
1133,KRS_eNB709654_MTS
1134,KRS_eNB709735_MTS
1135,KRS_eNB721255_MTS
1136,KRS_eNB723131_MTS
1137,NSK_eNB0540040_VC
1138,NSK_eNB0542335_VC
1139,NSK_eNB0545488_VC
1140,NSK_eNB0545865_VC
1141,NSK_eNB0546700_VC
1142,NSK_eNB0546706_VC
1143,NSK_eNB0546713_VC
1144,NSK_eNB0546775_VC
1145,NSK_eNB0546785_VC
1146,NSK_eNB0546977_VC
1147,NSK_eNB544437
1148,NSK_eNB544439
1149,NSK_eNB544480
1150,NSK_eNB544871
1151,NSK_eNB545430
1152,NSK_eNB545452
1153,NSK_eNB545908
1154,NSK_eNB545926
1155,NSK_eNB546913_VC
1156,OMS_732144_MTS
1157,OMS_732855_MTS
1158,RNC5KRA
1159,AST_eNB0300025_VC
1160,AST_eNB0304964_VC
1161,AST_eNB300441_VC
1162,AST_eNB303993
1163,KLG_eNB071993_MTS
1164,MKL_eNB0509096_MTS
1165,MKL_eNB0509113_MTS
1166,MKL_eNB0509220_MTS
1167,MKL_eNB0509355_MTS
1168,MKL_eNB0509558_MTS
1169,MKL_eNB0509595_MTS
1170,MKL_eNB0509716_MTS
1171,MKL_eNB0509784_MTS
1172,MKL_eNB0510135_MTS
1173,MKL_eNB0510168_MTS
1174,MKL_eNB510268_MTS
1175,NLC_eNB0070004_VC
1176,NLC_eNB0071921_VC
1177,NLC_eNB073324_VC
1178,NLC_eNB075319_VC
1179,RNC0705MAH
1180,RND_eNB0610043_VC
1181,RND_eNB0610050_VC
1182,RND_eNB0610210_VC
1183,RND_eNB0610422_VC
1184,RND_eNB0610622_VC
1185,RND_eNB0611927_VC
1186,RND_eNB0612004_VC
1187,RND_eNB0612010_VC
1188,RND_eNB0612038_VC
1189,RND_eNB0612068_VC
1190,RND_eNB0612191_VC
1191,RND_eNB0613263_VC
1192,RND_eNB0614073_VC
1193,RND_eNB0615116_VC
1194,RND_eNB0615157_VC
1195,RND_eNB0615163_VC
1196,RND_eNB0616012_VC
1197,RND_eNB0616073_VC
1198,RND_eNB0616114_VC
1199,RND_eNB0616133_VC
1200,RND_eNB0618645_VC
1201,RND_eNB0619092_VC
1202,RND_eNB0619658_VC
1203,RND_eNB610349_VC
1204,RND_eNB610368_VC
1205,RND_eNB610543_VC
1206,RND_eNB610688
1207,RND_eNB611059_VC
1208,RND_eNB611086_VC
1209,RND_eNB611193
1210,RND_eNB611274_VC
1211,RND_eNB611281_VC
1212,RND_eNB612168_VC
1213,RND_eNB613803_VC
1214,RND_eNB613816_VC
1215,RND_eNB614147
1216,RND_eNB616059
1217,RND_eNB616103
1218,VLG_eNB342810
1219,VLG_eNB342850
1220,eNB85952
1221,MKL_eNB509532_MTS
1222,MSK_504087_VC
1223,MSK_508623_VC
1224,MSK_eNB508454
1225,MSK_eNB770211
1226,MSK_eNB770923
1227,MSK_eNB771294
1228,MSK_eNB771700
1229,MSK_eNB772475
1230,MSK_eNB772590
1231,MSK_eNB772608
1232,MSK_eNB772691
1233,MSK_eNB772709
1234,MSK_eNB772723
1235,MSK_eNB772770
1236,MSK_eNB772853
1237,MSK_eNB772912
1238,MSK_eNB772958
1239,MSK_eNB773076
1240,MSK_eNB773140
1241,MSK_eNB773351
1242,MSK_eNB773414
1243,MSK_eNB773469
1244,MSK_eNB773489
1245,MSK_eNB773555
1246,MSK_eNB773575
1247,MSK_eNB773689
1248,MSK_eNB773834
1249,MSK_eNB773955
1250,MSK_eNB774170
1251,MSK_eNB774176
1252,MSK_eNB774257
1253,MSK_eNB774389
1254,MSK_eNB774600
1255,MSK_eNB775058
1256,MSK_eNB775182
1257,MSK_eNB775355
1258,MSK_eNB775496
1259,MSK_eNB775580
1260,MSK_eNB779952_VC
1261,MSK_eNB990884_VC
1262,MSK_eNB991454_VC
1263,AST_eNB0300011_VC
1264,AST_eNB0300029_VC
1265,AST_eNB0300036_VC
1266,AST_eNB0300060_VC
1267,AST_eNB0302919_VC
1268,AST_eNB0304903_VC
1269,AST_eNB0304991_VC
1270,AST_eNB0305925_VC
1271,AST_eNB0305937_VC
1272,AST_eNB304929
1273,KLG_eNB071964_MTS
1274,KLG_eNB072620_MTS
1275,KRD_eNB233077
1276,KRD_eNB236320
1277,KZN_eNB16371_
1278,MKL_eNB0509251_MTS
1279,MKL_eNB0509346_MTS
1280,MKL_eNB0509447_MTS
1281,MKL_eNB0509453_MTS
1282,MKL_eNB0509488_MTS
1283,MKL_eNB0509528_MTS
1284,MKL_eNB0509607_MTS
1285,MKL_eNB0509694_MTS
1286,MKL_eNB0509755_MTS
1287,MKL_eNB0509871_MTS
1288,MKL_eNB0510042_MTS
1289,MKL_eNB0510103_MTS
1290,MKL_eNB0510121_MTS
1291,MKL_eNB0510162_MTS
1292,MKL_eNB510050_MTS
1293,NLC_eNB0071661_VC
1294,NLC_eNB0071673_VC
1295,NLC_eNB0076402_VC
1296,NLC_eNB075312_VC
1297,RND_eNB0610205_VC
1298,RND_eNB0610425_VC
1299,RND_eNB0610435_VC
1300,RND_eNB0610440_VC
1301,RND_eNB0610512_VC
1302,RND_eNB0610666_VC
1303,RND_eNB0610672_VC
1304,RND_eNB0611994_VC
1305,RND_eNB0613288_VC
1306,RND_eNB0614003_VC
1307,RND_eNB0614060_VC
1308,RND_eNB0614134_VC
1309,RND_eNB0614153_VC
1310,RND_eNB0615102_VC
1311,RND_eNB0615128_VC
1312,RND_eNB0615154_VC
1313,RND_eNB0616088_VC
1314,RND_eNB0618636_VC
1315,RND_eNB0618639_VC
1316,RND_eNB0619054_VC
1317,RND_eNB0619095_VC
1318,RND_eNB0619626_VC
1319,RND_eNB0619656_VC
1320,RND_eNB610787_VC
1321,RND_eNB611001_VC
1322,RND_eNB611131
1323,RND_eNB611318_VC
1324,RND_eNB614125_VC
1325,RND_eNB619047
1326,VLG_eNB343152
1327,eNB0510096_MTS
1328,eNB83911
1329,eNB85955
1330,eNB85997
1331,MKL_eNB509382_MTS
1332,MSK_506894_VC
1333,MSK_507749_VC
1334,MSK_779989_VC
1335,MSK_eNB506951
1336,MSK_eNB506959
1337,MSK_eNB507253
1338,MSK_eNB507464
1339,MSK_eNB508931
1340,MSK_eNB770121
1341,MSK_eNB770604_VC
1342,MSK_eNB770705
1343,MSK_eNB770891
1344,MSK_eNB771065
1345,MSK_eNB771331
1346,MSK_eNB771568
1347,MSK_eNB771687
1348,MSK_eNB771825
1349,MSK_eNB771939
1350,MSK_eNB772556
1351,MSK_eNB773074
1352,MSK_eNB773252
1353,MSK_eNB773306
1354,MSK_eNB773319
1355,MSK_eNB773759
1356,MSK_eNB774062
1357,MSK_eNB774321
1358,MSK_eNB774356
1359,MSK_eNB774723
1360,MSK_eNB774859
1361,MSK_eNB775252
1362,MSK_eNB775315
1363,MSK_eNB775393
1364,MSK_eNB775511
1365,MSK_eNB775614
1366,MSK_eNB776483_VC
1367,MSK_eNB777316_VC
1368,MSK_eNB778577_VC
1369,MSK_eNB779715_VC
1370,MSK_eNB779727_VC
1371,MSK_eNB991426_VC
1372,MSK_eNB992441_VC
1373,AST_eNB0300007_VC
1374,AST_eNB0300012_VC
1375,AST_eNB0300062_VC
1376,AST_eNB0300100_VC
1377,AST_eNB0302453_VC
1378,AST_eNB0302531_VC
1379,AST_eNB0303996_VC
1380,AST_eNB0304933_VC
1381,AST_eNB0304966_VC
1382,AST_eNB0304972_VC
1383,AST_eNB305012_VC
1384,KLG_eNB070002_MTS
1385,KRD_eNB236621
1386,KRD_eNB236647
1387,KRD_eNB238744
1388,MKL_eNB0509027_MTS
1389,MKL_eNB0509102_MTS
1390,MKL_eNB0509107_MTS
1391,MKL_eNB0509109_MTS
1392,MKL_eNB0509132_MTS
1393,MKL_eNB0509238_MTS
1394,MKL_eNB0509252_MTS
1395,MKL_eNB0509412_MTS
1396,MKL_eNB0509450_MTS
1397,MKL_eNB0509571_MTS
1398,MKL_eNB0509576_MTS
1399,MKL_eNB0509623_MTS
1400,MKL_eNB0509710_MTS
1401,MKL_eNB0509772_MTS
1402,MKL_eNB0509912_MTS
1403,MKL_eNB0510018_MTS
1404,MKL_eNB510271_MTS
1405,NLC_eNB0072652_VC
1406,NLC_eNB0076412_VC
1407,NLC_eNB074476_VC
1408,NLC_eNB075318_VC
1409,RND_eNB0610009_VC
1410,RND_eNB0610022_VC
1411,RND_eNB0610420_VC
1412,RND_eNB0610510_VC
1413,RND_eNB0610608_VC
1414,RND_eNB0610673_VC
1415,RND_eNB0611134_VC
1416,RND_eNB0611153_VC
1417,RND_eNB0611902_VC
1418,RND_eNB0611956_VC
1419,RND_eNB0611970_VC
1420,RND_eNB0612132_VC
1421,RND_eNB0612151_VC
1422,RND_eNB0613293_VC
1423,RND_eNB0614035_VC
1424,RND_eNB0614054_VC
1425,RND_eNB0614055_VC
1426,RND_eNB0614072_VC
1427,RND_eNB0614117_VC
1428,RND_eNB0614159_VC
1429,RND_eNB0614162_VC
1430,RND_eNB0615141_VC
1431,RND_eNB0615192_VC
1432,RND_eNB0616029_VC
1433,RND_eNB0616038_VC
1434,RND_eNB0616080_VC
1435,RND_eNB0616135_VC
1436,RND_eNB0616139_VC
1437,RND_eNB0619068_VC
1438,RND_eNB0619625_VC
1439,RND_eNB610333_VC
1440,RND_eNB610364_VC
1441,RND_eNB610556_VC
1442,RND_eNB611047_VC
1443,RND_eNB614016_VC
1444,RND_eNB614145
1445,RND_eNB614161
1446,RND_eNB616044
1447,RND_eNB616156
1448,MSK_eNB500124
1449,MSK_eNB503024
1450,MSK_eNB506490
1451,MSK_eNB507329
1452,MSK_eNB770039
1453,MSK_eNB770963
1454,MSK_eNB771034
1455,MSK_eNB771531
1456,MSK_eNB771742
1457,MSK_eNB771816
1458,MSK_eNB772022
1459,MSK_eNB772110
1460,MSK_eNB772583
1461,MSK_eNB772776
1462,MSK_eNB772828
1463,MSK_eNB772879
1464,MSK_eNB772903
1465,MSK_eNB773320
1466,MSK_eNB773773
1467,MSK_eNB773784
1468,MSK_eNB773791
1469,MSK_eNB773854
1470,MSK_eNB773869
1471,MSK_eNB774000
1472,MSK_eNB774132
1473,MSK_eNB774622
1474,MSK_eNB774631
1475,MSK_eNB774851
1476,MSK_eNB775218
1477,MSK_eNB775458
1478,MSK_eNB775625
1479,MSK_eNB779718_VC
1480,MSK_eNB990218_VC
1481,MSK_eNB993020_VC
1482,AST_eNB0300240_VC
1483,AST_eNB0302522_VC
1484,AST_eNB304923
1485,AST_eNB308502_VC
1486,KLG_eNB071952_MTS
1487,KRD_eNB236636
1488,MKL_eNB0509114_MTS
1489,MKL_eNB0509179_MTS
1490,MKL_eNB0509204_MTS
1491,MKL_eNB0509214_MTS
1492,MKL_eNB0509342_MTS
1493,MKL_eNB0509573_MTS
1494,MKL_eNB0509604_MTS
1495,MKL_eNB0509611_MTS
1496,MKL_eNB0509686_MTS
1497,MKL_eNB0509827_MTS
1498,MKL_eNB0509920_MTS
1499,MKL_eNB0510100_MTS
1500,MKL_eNB0510117_MTS
1501,MKL_eNB0510179_MTS
1502,NLC_eNB0071669_VC
1503,NLC_eNB0072634_VC
1504,NLC_eNB073329_VC
1505,RND_eNB0610075_VC
1506,RND_eNB0611166_VC
1507,RND_eNB0612147_VC
1508,RND_eNB0614002_VC
1509,RND_eNB0614007_VC
1510,RND_eNB0614065_VC
1511,RND_eNB0615150_VC
1512,RND_eNB0615181_VC
1513,RND_eNB0616084_VC
1514,RND_eNB0616089_VC
1515,RND_eNB0616101_VC
1516,RND_eNB0616195_VC
1517,RND_eNB0618058_VC
1518,RND_eNB0618699_VC
1519,RND_eNB0619023_VC
1520,RND_eNB0619043_VC
1521,RND_eNB0619061_VC
1522,RND_eNB0619088_VC
1523,RND_eNB0619685_VC
1524,RND_eNB0619689_VC
1525,RND_eNB610329_VC
1526,RND_eNB610347_VC
1527,RND_eNB611076_VC
1528,RND_eNB612174_VC
1529,RND_eNB612190_VC
1530,RND_eNB613826_VC
1531,RND_eNB614116
1532,RND_eNB618622
1533,SCH_eNB231008
1534,VLG_eNB345813
1535,AST_eNB0300023_VC
1536,AST_eNB0302492_VC
1537,AST_eNB0302520_VC
1538,AST_eNB0308009_VC
1539,ELS_eNB082759_VC
1540,ELS_eNB082768_VC
1541,KRD_eNB234074
1542,MKL_eNB0509030_MTS
1543,MKL_eNB0509243_MTS
1544,MKL_eNB0509264_MTS
1545,MKL_eNB0509426_MTS
1546,MKL_eNB0509531_MTS
1547,MKL_eNB0509580_MTS
1548,MKL_eNB0509590_MTS
1549,MKL_eNB0509633_MTS
1550,MKL_eNB0509812_MTS
1551,MKL_eNB0509908_MTS
1552,MKL_eNB0510021_MTS
1553,MKL_eNB0510038_MTS
1554,MKL_eNB0510136_MTS
1555,MKL_eNB0510149_MTS
1556,MKL_eNB0510177_MTS
1557,NLC_eNB0071649_VC
1558,NLC_eNB0071665_VC
1559,NLC_eNB0071672_VC
1560,NLC_eNB0071913_VC
1561,NLC_eNB0074498_VC
1562,NLC_eNB0079429_VC
1563,NLC_eNB070010_VC
1564,NLC_eNB075801_VC
1565,RND_eNB0610156_VC
1566,RND_eNB0610462_VC
1567,RND_eNB0610659_VC
1568,RND_eNB0610663_VC
1569,RND_eNB0611128_VC
1570,RND_eNB0611928_VC
1571,RND_eNB0611934_VC
1572,RND_eNB0611964_VC
1573,RND_eNB0611986_VC
1574,RND_eNB0612008_VC
1575,RND_eNB0612036_VC
1576,RND_eNB0612157_VC
1577,RND_eNB0614158_VC
1578,RND_eNB0615122_VC
1579,RND_eNB0615131_VC
1580,RND_eNB0616037_VC
1581,RND_eNB0616075_VC
1582,RND_eNB0616109_VC
1583,RND_eNB0616171_VC
1584,RND_eNB0618673_VC
1585,RND_eNB0618689_VC
1586,RND_eNB0619612_VC
1587,RND_eNB610185_VC
1588,RND_eNB610241_VC
1589,RND_eNB610530_VC
1590,RND_eNB613276
1591,RND_eNB613809_VC
1592,RND_eNB613835_VC
1593,RND_eNB613897_VC
1594,RND_eNB614176
1595,RND_eNB616187
1596,SGSN09_RND
1597,VLG_eNB340546
1598,VLG_eNB342199
1599,eNB85953
1600,AST_eNB0302527_VC
1601,AST_eNB0302534_VC
1602,AST_eNB0303979_VC
1603,AST_eNB0305934_VC
1604,AT&T_USA
1605,ELS_eNB082723_VC
1606,ELS_eNB082775_VC
1607,KRD_eNB234696
1608,MKL_eNB0509093_MTS
1609,MKL_eNB0509298_MTS
1610,MKL_eNB0509322_MTS
1611,MKL_eNB0509332_MTS
1612,MKL_eNB0509354_MTS
1613,MKL_eNB0509540_MTS
1614,MKL_eNB0509616_MTS
1615,MKL_eNB0510132_MTS
1616,MKL_eNB0510160_MTS
1617,MKL_eNB0510219_MTS
1618,MKL_eNB510032_MTS
1619,NLC_eNB0071926_VC
1620,NLC_eNB0071932_VC
1621,NLC_eNB0079409_VC
1622,RND_eNB0610047_VC
1623,RND_eNB0610057_VC
1624,RND_eNB0610379_VC
1625,RND_eNB0610625_VC
1626,RND_eNB0610646_VC
1627,RND_eNB0610653_VC
1628,RND_eNB0610660_VC
1629,RND_eNB0612131_VC
1630,RND_eNB0612180_VC
1631,RND_eNB0614075_VC
1632,RND_eNB0614139_VC
1633,RND_eNB0616014_VC
1634,RND_eNB0616032_VC
1635,RND_eNB0616131_VC
1636,RND_eNB0616152_VC
1637,RND_eNB0619039_VC
1638,RND_eNB0619056_VC
1639,RND_eNB0619093_VC
1640,RND_eNB0619605_VC
1641,RND_eNB610476_VC
1642,RND_eNB610906_VC
1643,VLG_eNB342179
1644,eNB0509872_
1645,eNB83925
1646,BUR_eNB036307
1647,CHT_eNB752944
1648,CHT_eNB752982
1649,CHT_eNB753929
1650,CHT_eNB753936
1651,GRZ_eNB201167_VC
1652,GRZ_eNB202371_VC
1653,GRZ_eNB203498
1654,GRZ_eNB206055
1655,NZR_eNB0060971_VC
1656,STV_260251_VC
1657,STV_eNB260033
1658,STV_eNB260521_VC
1659,STV_eNB260602_VC
1660,STV_eNB260694_VC
1661,STV_eNB261269
1662,STV_eNB261517_VC
1663,STV_eNB262202
1664,STV_eNB265238
1665,STV_eNB266299
1666,STV_eNB268840
1667,STV_eNB268862
1668,STV_eNB268918
1669,VDK_eNB524059_MTS
1670,VDK_eNB524064_MTS
1671,VDK_eNB524081_MTS
1672,VDK_eNB524219_MTS
1673,BUR_eNB036325
1674,CHT_eNB753905
1675,IRK_826678_MTS
1676,KAM_eNB283249
1677,KAM_eNB284213
1678,KAM_eNB285217_VC
1679,KAM_eNB286204
1680,KHB_817636_MTS
1681,KHB_eNB793909
1682,KHB_eNB817146_MTS
1683,KHB_eNB817153_MTS
1684,KHB_eNB817238_MTS
1685,KHB_eNB817554_MTS
1686,KHB_eNB818468_MTS
1687,PKT_eNB412825_VC
1688,PKT_eNB412826_VC
1689,PKT_eNB413670
1690,PKT_eNB414615
1691,PKT_eNB414631
1692,PKT_eNB414672_VC
1693,SKH_eNB655813
1694,VLA_eNB0250939_VC
1695,VLA_eNB0259119_VC
1696,VLA_eNB250141
1697,VLA_eNB250338
1698,VLA_eNB251252
1699,VLA_eNB251511
1700,VLA_eNB251546
1701,VLA_eNB251595
1702,VLA_eNB251733
1703,VLA_eNB253135
1704,VLA_eNB254125
1705,VLA_eNB254138
1706,VLA_eNB255191
1707,VLA_eNB257102
1708,VLA_eNB257157
1709,VLA_eNB258101
1710,VLA_eNB258116
1711,VLA_eNB259168
1712,YAK_eNB0145510_VC
1713,YAK_eNB0145563_VC
1714,YAK_eNB142621_VC
1715,YAK_eNB143539
1716,YAK_eNB143557
1717,YAK_eNB143579
1718,YAK_eNB144563
1719,YAK_eNB145577
1720,YAK_eNB146516
1721,PNZ_eNB583615
1722,PNZ_eNB583648
1723,PNZ_eNB584647
1724,PNZ_eNB584687
1725,PNZ_eNB585635
1726,PNZ_eNB586649
1727,PNZ_eNB587671
1728,SRT_eNB642608
1729,SRT_eNB642617
1730,SRT_eNB642635
1731,SRT_eNB644023_VC
1732,SRT_eNB645704
1733,SRT_eNB645748
1734,SRT_eNB647715
1735,SRT_eNB648707
1736,SRT_eNB649708
1737,SRT_eNB649775_VC
1738,EKB_eNB663067
1739,EKB_eNB663184
1740,EKB_eNB664046
1741,EKB_eNB664196
1742,EKB_eNB665111
1743,EKB_eNB665700
1744,EKB_eNB666004
1745,EKB_eNB666082
1746,EKB_eNB666288
1747,KRN_eNB452292
1748,KRN_eNB455215
1749,KRN_eNB455237
1750,KRN_eNB455282
1751,PNZ_582638_VC
1752,PNZ_587101_VC
1753,PNZ_eNB583633
1754,PNZ_eNB583655
1755,PNZ_eNB583673
1756,PNZ_eNB583691
1757,PNZ_eNB584663
1758,PNZ_eNB585613
1759,PNZ_eNB585666
1760,PNZ_eNB586634
1761,PNZ_eNB586663
1762,SRT_644586_VC
1763,SRT_eNB642624
1764,SRT_eNB642693
1765,SRT_eNB644068
1766,SRT_eNB644248
1767,SRT_eNB647717
1768,SRT_eNB647719
1769,SRT_eNB647737
1770,SRT_eNB649773
1771,EKB_eNB663509_VC
1772,EKB_eNB664019
1773,EKB_eNB664044
1774,EKB_eNB665764
1775,EKB_eNB666008
1776,KRN_eNB453202
1777,KRN_eNB453235
1778,KRN_eNB453242
1779,CHB_eNB213020
1780,CHB_eNB214063
1781,CHB_eNB216038
1782,KZN_164042_VC
1783,KZN_eNB0161361_VC
1784,KZN_eNB0161553_VC
1785,KZN_eNB0161595_VC
1786,KZN_eNB0161631_VC
1787,KZN_eNB0161672_VC
1788,KZN_eNB0161728_VC
1789,KZN_eNB0161730_VC
1790,KZN_eNB0162319_VC
1791,KZN_eNB0163109_VC
1792,KZN_eNB0163816_VC
1793,KZN_eNB160112
1794,KZN_eNB160442
1795,KZN_eNB160859
1796,KZN_eNB160875
1797,KZN_eNB161700
1798,KZN_eNB163168
1799,KZN_eNB163220_VC
1800,KZN_eNB163535_VC
1801,KZN_eNB164341
1802,KZN_eNB166802
1803,KZN_eNB167104
1804,KZN_eNB168125
1805,KZN_eNB168127
1806,KZN_eNB168136
1807,SMR_eNB631020
1808,SMR_eNB631165
1809,SMR_eNB631259
1810,TOL_eNB0632163_VC
1811,TOL_eNB632147
1812,TOL_eNB632222
1813,TOL_eNB632310
1814,TOL_eNB632369_VC
1815,UFA_eNB020578
1816,UFA_eNB021562
1817,UFA_eNB022563
1818,UFA_eNB025315
1819,UFA_eNB026392
1820,UFA_eNB027359
1821,UFA_eNB027360
1822,UFA_eNB028446_VC
1823,UFA_eNB028462_VC
1824,UFA_eNB028708_VC
1825,UFA_eNB028736
1826,UFA_eNB029425
1827,UFA_eNB029432
1828,KIR_eNB434361_MTS
1829,PRM_eNB680090_MTS
1830,PRM_eNB680091_MTS
1831,PRM_eNB680153_MTS
1832,PRM_eNB680176_MTS
1833,PRM_eNB680279_MTS
1834,PRM_eNB680731_MTS
1835,PRM_eNB680744_MTS
1836,PRM_eNB680769_MTS
1837,PRM_eNB681217_MTS
1838,PRM_eNB681282_MTS
1839,SRG_eNB863517
1840,SRG_eNB864529
1841,SRG_eNB865032
1842,SRG_eNB865036
1843,STK_eNB112203
1844,STK_eNB113242
1845,TUM_eNB722551
1846,TUM_eNB722944
1847,TUM_eNB724179
1848,eNB0360410_
1849,MSK_774099_VC
1850,MSK_775208_VC
1851,MSK_777544_VC
1852,MSK_eNB0502514_VC
1853,MSK_eNB0505959_VC
1854,MSK_eNB0505984_VC
1855,MSK_eNB0505997_VC
1856,MSK_eNB0506132_VC
1857,MSK_eNB0506423_VC
1858,MSK_eNB0506428_VC
1859,MSK_eNB0506505_VC
1860,MSK_eNB0506562_VC
1861,MSK_eNB0506677_VC
1862,MSK_eNB0506715_VC
1863,MSK_eNB0506935_VC
1864,MSK_eNB0506947_VC
1865,MSK_eNB0507341_VC
1866,MSK_eNB0507429_VC
1867,MSK_eNB0507440_VC
1868,MSK_eNB0507822_VC
1869,MSK_eNB0507986_VC
1870,MSK_eNB0508352_VC
1871,MSK_eNB0508859_VC
1872,MSK_eNB0509453_VC
1873,MSK_eNB0509595_VC
1874,MSK_eNB0774764_VC
1875,MSK_eNB0778211_VC
1876,MSK_eNB500011
1877,MSK_eNB500255
1878,MSK_eNB500349
1879,MSK_eNB500802
1880,MSK_eNB503036
1881,MSK_eNB503199_VC
1882,MSK_eNB503609_VC
1883,MSK_eNB506911_VC
1884,MSK_eNB507007
1885,MSK_eNB507155_VC
1886,MSK_eNB507321_VC
1887,MSK_eNB507809_VC
1888,MSK_eNB507852
1889,MSK_eNB508151_VC
1890,MSK_eNB508424_VC
1891,MSK_eNB508486_VC
1892,MSK_eNB508945_VC
1893,MSK_eNB770236
1894,MSK_eNB770324
1895,MSK_eNB770379
1896,MSK_eNB770775
1897,MSK_eNB771473
1898,MSK_eNB771626
1899,MSK_eNB771699
1900,MSK_eNB771752
1901,MSK_eNB772144
1902,MSK_eNB772403
1903,MSK_eNB772979
1904,MSK_eNB773105
1905,MSK_eNB773190
1906,MSK_eNB773204
1907,MSK_eNB773266
1908,MSK_eNB773666
1909,MSK_eNB773808
1910,MSK_eNB773817
1911,MSK_eNB773859
1912,MSK_eNB773950
1913,MSK_eNB774119
1914,MSK_eNB774221
1915,MSK_eNB774274
1916,MSK_eNB774427
1917,MSK_eNB774513
1918,MSK_eNB774612
1919,MSK_eNB774704
1920,MSK_eNB774713
1921,MSK_eNB774924
1922,MSK_eNB775277
1923,MSK_eNB775471
1924,MSK_eNB775570
1925,MSK_eNB775631
1926,MSK_503526_VC
1927,MSK_eNB0502057_VC
1928,MSK_eNB0502209_VC
1929,MSK_eNB0502430_VC
1930,MSK_eNB0503368_VC
1931,MSK_eNB0503952_VC
1932,MSK_eNB0504519_VC
1933,MSK_eNB0505757_VC
1934,MSK_eNB0506005_VC
1935,MSK_eNB0506365_VC
1936,MSK_eNB0506400_VC
1937,MSK_eNB0506409_VC
1938,MSK_eNB0506686_VC
1939,MSK_eNB0507339_VC
1940,MSK_eNB0509213_VC
1941,MSK_eNB0509220_VC
1942,MSK_eNB0509500_VC
1943,MSK_eNB0774559_VC
1944,MSK_eNB0775397_VC
1945,MSK_eNB501102
1946,MSK_eNB502076_VC
1947,MSK_eNB503201
1948,MSK_eNB503375
1949,MSK_eNB503683
1950,MSK_eNB504759_VC
1951,MSK_eNB506292_VC
1952,MSK_eNB506350
1953,MSK_eNB506509
1954,MSK_eNB507141_VC
1955,MSK_eNB508204_VC
1956,MSK_eNB508475_VC
1957,MSK_eNB508784_VC
1958,MSK_eNB508787
1959,MSK_eNB508815_VC
1960,MSK_eNB508849_VC
1961,MSK_eNB770409
1962,MSK_eNB770719
1963,MSK_eNB770733
1964,MSK_eNB770960
1965,MSK_eNB771228
1966,MSK_eNB771947
1967,MSK_eNB772605
1968,MSK_eNB772744
1969,MSK_eNB772768
1970,MSK_eNB773088
1971,MSK_eNB773101
1972,MSK_eNB773172
1973,MSK_eNB773208
1974,MSK_eNB773662
1975,MSK_eNB773815
1976,MSK_eNB773855
1977,MSK_eNB773866
1978,MSK_eNB773987
1979,MSK_eNB774041
1980,MSK_eNB774074
1981,MSK_eNB774096
1982,MSK_eNB774676
1983,MSK_eNB775147
1984,MSK_eNB775273
1985,BRN_eNB0220671_VC
1986,BRN_eNB0220931_VC
1987,BRN_eNB0220935_VC
1988,BRN_eNB222072
1989,BRN_eNB225646
1990,KMR_eNB420538
1991,KMR_eNB421131
1992,KMR_eNB421231_VC
1993,KMR_eNB421318_VC
1994,KMR_eNB421560
1995,KMR_eNB422587
1996,KMR_eNB423557
1997,KMR_eNB425580
1998,KMR_eNB425591
1999,KMR_eNB427924
2000,KRS_710841_MTS
2001,KRS_eNB710155_MTS
2002,KRS_eNB710257_MTS
2003,NSK_eNB542715
2004,NSK_eNB543448
2005,NSK_eNB544405
2006,NSK_eNB544445
2007,NSK_eNB544472
2008,NSK_eNB545415
2009,NSK_eNB545875
2010,NSK_eNB545905
2011,NSK_eNB545907
2012,NSK_eNB545930
2013,NSK_eNB546427
2014,OMS_eNB732509_MTS
2015,OMS_eNB732851_MTS
2016,OMS_eNB732933_MTS
2017,TMS_741108_MTS
2018,TMS_eNB741119_MTS
2019,TMS_eNB741140_MTS
2020,TMS_eNB741158_MTS
2021,TMS_eNB741185_MTS
2022,TMS_eNB741469_MTS
2023,TMS_eNB741506_MTS
2024,TMS_eNB742011_MTS
2025,TMS_eNB742069_MTS
2026,VOL_eNB220607_MTS
2027,VOL_eNB220615_MTS
2028,VOL_eNB220656_MTS
2029,eNB0732210_MTS
2030,MSK_500044_VC
2031,MSK_502177_VC
2032,MSK_779531_VC
2033,MSK_eNB0501738_VC
2034,MSK_eNB0502462_VC
2035,MSK_eNB0504129_VC
2036,MSK_eNB0504950_VC
2037,MSK_eNB0505761_VC
2038,MSK_eNB0505804_VC
2039,MSK_eNB0506023_VC
2040,MSK_eNB0506161_VC
2041,MSK_eNB0506173_VC
2042,MSK_eNB0506333_VC
2043,MSK_eNB0506338_VC
2044,MSK_eNB0506447_VC
2045,MSK_eNB0506473_VC
2046,MSK_eNB0506568_VC
2047,MSK_eNB0507096_VC
2048,MSK_eNB0507116_VC
2049,MSK_eNB0507407_VC
2050,MSK_eNB0507438_VC
2051,MSK_eNB0507442_VC
2052,MSK_eNB0507481_VC
2053,MSK_eNB0507705_VC
2054,MSK_eNB0508462_VC
2055,MSK_eNB0508612_VC
2056,MSK_eNB0509639_VC
2057,MSK_eNB0773886_VC
2058,MSK_eNB0775207_VC
2059,MSK_eNB501070_VC
2060,MSK_eNB501306
2061,MSK_eNB501669_VC
2062,MSK_eNB501950_VC
2063,MSK_eNB502621_VC
2064,MSK_eNB503413_VC
2065,MSK_eNB504014_VC
2066,MSK_eNB504141_VC
2067,MSK_eNB504301
2068,MSK_eNB504559_VC
2069,MSK_eNB506077
2070,MSK_eNB506705
2071,MSK_eNB506956
2072,MSK_eNB507455_VC
2073,MSK_eNB508201_VC
2074,MSK_eNB508226
2075,MSK_eNB770852
2076,MSK_eNB771073
2077,MSK_eNB772177
2078,MSK_eNB772373
2079,MSK_eNB772427
2080,MSK_eNB772502
2081,MSK_eNB772627
2082,MSK_eNB772902
2083,MSK_eNB772986
2084,MSK_eNB773349
2085,MSK_eNB773710
2086,MSK_eNB773714
2087,MSK_eNB773729
2088,MSK_eNB773750
2089,MSK_eNB773822
2090,MSK_eNB773914
2091,MSK_eNB774029
2092,MSK_eNB774061
2093,MSK_eNB774214
2094,MSK_eNB774263
2095,MSK_eNB774306
2096,MSK_eNB774328
2097,MSK_eNB774634
2098,MSK_eNB774636
2099,MSK_eNB774777
2100,MSK_eNB774867
2101,MSK_eNB774993
2102,MSK_eNB775259
2103,MSK_eNB777831
2104,ABN_eNB194764
2105,BRN_eNB0040972_VC
2106,BRN_eNB0041367_VC
2107,BRN_eNB0220946_VC
2108,BRN_eNB0221675_VC
2109,BRN_eNB223006
2110,BRN_eNB224609
2111,BRN_eNB224690
2112,KMR_eNB420552
2113,KMR_eNB421012_VC
2114,KMR_eNB421178_VC
2115,KMR_eNB421332_VC
2116,KMR_eNB423524
2117,KMR_eNB424958
2118,KRS_eNB0723210_MTS
2119,KRS_eNB710033_MTS
2120,KRS_eNB710136_MTS
2121,KRS_eNB710141_MTS
2122,KRS_eNB710143_MTS
2123,NSK_eNB540407
2124,NSK_eNB542757
2125,NSK_eNB543408
2126,NSK_eNB544474
2127,NSK_eNB544838
2128,NSK_eNB545848
2129,OMS_732572_MTS
2130,OMS_eNB732003_MTS
2131,OMS_eNB732008_MTS
2132,OMS_eNB732039_MTS
2133,OMS_eNB732104_MTS
2134,OMS_eNB732128_MTS
2135,OMS_eNB732313_MTS
2136,OMS_eNB732409_MTS
2137,OMS_eNB732442_MTS
2138,OMS_eNB732453_MTS
2139,OMS_eNB732632_MTS
2140,OMS_eNB732807_MTS
2141,OMS_eNB732874_MTS
2142,TMS_eNB741083_MTS
2143,TMS_eNB741085_MTS
2144,TMS_eNB741089_MTS
2145,TMS_eNB741219_MTS
2146,TMS_eNB741606_MTS
2147,TMS_eNB742036_MTS
2148,TMS_eNB742072_MTS
2149,TMS_eNB742083_MTS
2150,VOL_eNB220687_MTS
2151,eNB0732570_MTS
2152,eNB43027
2153,YAR-DC2-UMAC113
2154,MKL_eNB509087_MTS
2155,MKL_eNB509186_MTS
2156,MSK_774918_VC
2157,MSK_eNB503138
2158,MSK_eNB507217
2159,MSK_eNB770259
2160,MSK_eNB770365
2161,MSK_eNB770703
2162,MSK_eNB771337
2163,MSK_eNB771537
2164,MSK_eNB771979
2165,MSK_eNB772169
2166,MSK_eNB772552
2167,MSK_eNB772624
2168,MSK_eNB773142
2169,MSK_eNB773193
2170,MSK_eNB773225
2171,MSK_eNB773331
2172,MSK_eNB773412
2173,MSK_eNB773694
2174,MSK_eNB773782
2175,MSK_eNB773816
2176,MSK_eNB773991
2177,MSK_eNB774044
2178,MSK_eNB774066
2179,MSK_eNB774080
2180,MSK_eNB774310
2181,MSK_eNB774406
2182,MSK_eNB774619
2183,MSK_eNB775140
2184,MSK_eNB775195
2185,MSK_eNB775399
2186,MSK_eNB776727_VC
2187,MSK_eNB777160
2188,MSK_eNB778848
2189,MSK_eNB996073_VC
2190,MSK_eNB998794_VC
2191,MSK_eNB999773_VC
2192,ABN_eNB193771_VC
2193,ABN_eNB193825
2194,BRN_eNB041384
2195,BRN_eNB046099
2196,BRN_eNB220083_VC
2197,BRN_eNB221324
2198,BRN_eNB221340
2199,BRN_eNB222037_VC
2200,BRN_eNB225603
2201,BRN_eNB226036_VC
2202,BRN_eNB226316_VC
2203,BRN_eNB228147
2204,KMR_eNB0421740_VC
2205,KMR_eNB420546
2206,KMR_eNB421143
2207,KMR_eNB421448
2208,KMR_eNB421514
2209,KMR_eNB422405
2210,KMR_eNB424591
2211,KMR_eNB424940
2212,KMR_eNB425594
2213,KMR_eNB426533
2214,KRS_710855_MTS
2215,KRS_eNB709080_MTS
2216,KRS_eNB709158_MTS
2217,KRS_eNB709179_MTS
2218,KRS_eNB709250_MTS
2219,KRS_eNB709251_MTS
2220,KRS_eNB709483_MTS
2221,KRS_eNB709591_MTS
2222,KRS_eNB709596_MTS
2223,KRS_eNB709711_MTS
2224,KRS_eNB709729_MTS
2225,KRS_eNB709793_MTS
2226,KRS_eNB709825_MTS
2227,KRS_eNB723001_MTS
2228,KRS_eNB723047_MTS
2229,KRS_eNB723144_MTS
2230,KRS_eNB723159_MTS
2231,NSK_eNB0540003_VC
2232,NSK_eNB0540039_VC
2233,NSK_eNB0542368_VC
2234,NSK_eNB0544805_VC
2235,NSK_eNB0545472_VC
2236,NSK_eNB0546703_VC
2237,NSK_eNB0546711_VC
2238,NSK_eNB0546730_VC
2239,NSK_eNB0546933_VC
2240,NSK_eNB540002_VC
2241,NSK_eNB542032_VC
2242,NSK_eNB542734
2243,NSK_eNB544468
2244,NSK_eNB544477
2245,NSK_eNB544819
2246,NSK_eNB544848
2247,NSK_eNB544879
2248,NSK_eNB545894
2249,eNB0741019_
2250,AST_eNB0302906_VC
2251,AST_eNB0302938_VC
2252,AST_eNB0305923_VC
2253,AST_eNB303971
2254,KRD_eNB234623
2255,MKL_eNB0509040_MTS
2256,MKL_eNB0509217_MTS
2257,MKL_eNB0509225_MTS
2258,MKL_eNB0509341_MTS
2259,MKL_eNB0509371_MTS
2260,MKL_eNB0509452_MTS
2261,MKL_eNB0509541_MTS
2262,MKL_eNB0509587_MTS
2263,MKL_eNB0509614_MTS
2264,MKL_eNB0509702_MTS
2265,MKL_eNB0509711_MTS
2266,MKL_eNB0509751_MTS
2267,MKL_eNB0509826_MTS
2268,MKL_eNB0509929_MTS
2269,MKL_eNB0509957_MTS
2270,MKL_eNB0510099_MTS
2271,MKL_eNB0510182_MTS
2272,MKL_eNB510142_MTS
2273,NLC_76107_VC
2274,NLC_eNB0072635_VC
2275,NLC_eNB0073333_VC
2276,NLC_eNB0076405_VC
2277,NLC_eNB0076409_VC
2278,NLC_eNB075612_VC
2279,RND_eNB0610443_VC
2280,RND_eNB0610670_VC
2281,RND_eNB0610681_VC
2282,RND_eNB0611004_VC
2283,RND_eNB0611930_VC
2284,RND_eNB0612011_VC
2285,RND_eNB0612111_VC
2286,RND_eNB0613280_VC
2287,RND_eNB0614076_VC
2288,RND_eNB0615109_VC
2289,RND_eNB0616056_VC
2290,RND_eNB0616093_VC
2291,RND_eNB0618624_VC
2292,RND_eNB0618663_VC
2293,RND_eNB0619031_VC
2294,RND_eNB0619034_VC
2295,RND_eNB0619063_VC
2296,RND_eNB0619066_VC
2297,RND_eNB0619645_VC
2298,RND_eNB610039
2299,RND_eNB610233_VC
2300,RND_eNB610336_VC
2301,RND_eNB610357_VC
2302,RND_eNB610492_VC
2303,RND_eNB610560_VC
2304,RND_eNB614165
2305,RND_eNB616082
2306,RND_eNB619009
2307,RND_eNB619050
2308,SCH_eNB231305
2309,SCH_eNB231325
2310,SCH_eNB231772
2311,MKL_eNB509621_MTS
2312,MSK_503823_VC
2313,MSK_507770_VC
2314,MSK_508252_VC
2315,MSK_776325_VC
2316,MSK_eNB503107
2317,MSK_eNB505226
2318,MSK_eNB506940
2319,MSK_eNB770266
2320,MSK_eNB770723
2321,MSK_eNB771243
2322,MSK_eNB772365
2323,MSK_eNB772444
2324,MSK_eNB772695
2325,MSK_eNB772727
2326,MSK_eNB772767
2327,MSK_eNB772804
2328,MSK_eNB772930
2329,MSK_eNB773045_VC
2330,MSK_eNB773173
2331,MSK_eNB773197
2332,MSK_eNB773281
2333,MSK_eNB773308
2334,MSK_eNB773342
2335,MSK_eNB773434
2336,MSK_eNB773498
2337,MSK_eNB773528
2338,MSK_eNB773557
2339,MSK_eNB773823
2340,MSK_eNB773931
2341,MSK_eNB774127
2342,MSK_eNB774215
2343,MSK_eNB774336
2344,MSK_eNB774378
2345,MSK_eNB774422
2346,MSK_eNB774507
2347,MSK_eNB774705
2348,MSK_eNB774749
2349,MSK_eNB774907
2350,MSK_eNB775010
2351,MSK_eNB775711
2352,MSK_eNB777577_VC
2353,MSK_eNB778471
2354,MSK_eNB778750
2355,MSK_eNB778991_VC
2356,MSK_eNB779037_VC
2357,MSK_eNB779424_VC
2358,MSK_eNB779643
2359,MSK_eNB990968_VC
2360,MSK_eNB993995_VC
2361,ABN_eNB194776
2362,ABN_eNB194783
2363,BRN_eNB221335
2364,BRN_eNB222002
2365,BRN_eNB225628_VC
2366,BRN_eNB228120_VC
2367,KMR_eNB0428824_VC
2368,KMR_eNB0429553_VC
2369,KMR_eNB421167
2370,KMR_eNB421734
2371,KMR_eNB421783
2372,KMR_eNB422577
2373,KMR_eNB423538
2374,KMR_eNB424560
2375,KMR_eNB424986
2376,KMR_eNB425572
2377,KRS_eNB709009_MTS
2378,KRS_eNB709092_MTS
2379,KRS_eNB709121_MTS
2380,KRS_eNB709329_MTS
2381,KRS_eNB709391_MTS
2382,KRS_eNB709541_MTS
2383,KRS_eNB709723_MTS
2384,KRS_eNB723111_MTS
2385,KRS_eNB723154_MTS
2386,KRS_eNB723193_MTS
2387,NSK_eNB0540035_VC
2388,NSK_eNB0540080_VC
2389,NSK_eNB0540093_VC
2390,NSK_eNB0542021_VC
2391,NSK_eNB0543458_VC
2392,NSK_eNB0546922_VC
2393,NSK_eNB0546971_VC
2394,NSK_eNB542150_VC
2395,NSK_eNB542756
2396,NSK_eNB544426
2397,NSK_eNB545814
2398,OMS_732200_MTS
2399,OMS_732553_MTS
2400,TMS_eNB0741388_MTS
2401,eNB0710442_MTS
2402,AST_eNB0300052_VC
2403,AST_eNB0302512_VC
2404,AST_eNB0304904_VC
2405,AST_eNB0305939_VC
2406,AST_eNB0305948_VC
2407,AST_eNB304921
2408,KLG_eNB071910_MTS
2409,KRD_eNB233345
2410,KRD_eNB233394
2411,KRD_eNB238784
2412,MKL_eNB0509011_MTS
2413,MKL_eNB0509098_MTS
2414,MKL_eNB0509147_MTS
2415,MKL_eNB0509254_MTS
2416,MKL_eNB0509395_MTS
2417,MKL_eNB0509408_MTS
2418,MKL_eNB0509481_MTS
2419,MKL_eNB0509484_MTS
2420,MKL_eNB0509752_MTS
2421,MKL_eNB0510028_MTS
2422,MKL_eNB0510107_MTS
2423,MKL_eNB0510156_MTS
2424,MKL_eNB510085_MTS
2425,MKL_eNB510086_MTS
2426,MKL_eNB510130_MTS
2427,NLC_eNB0071697_VC
2428,NLC_eNB0071923_VC
2429,NLC_eNB0072647_VC
2430,NLC_eNB073325_VC
2431,NLC_eNB075616_VC
2432,NLC_eNB079425
2433,NNV_eNB305902_MTS
2434,NNV_eNB305922_MTS
2435,NNV_eNB305931_MTS
2436,RNC2MAH
2437,RND_eNB0610090_VC
2438,RND_eNB0610626_VC
2439,RND_eNB0611107_VC
2440,RND_eNB0611125_VC
2441,RND_eNB0611132_VC
2442,RND_eNB0611140_VC
2443,RND_eNB0611990_VC
2444,RND_eNB0612033_VC
2445,RND_eNB0612144_VC
2446,RND_eNB0613120_VC
2447,RND_eNB0614013_VC
2448,RND_eNB0614040_VC
2449,RND_eNB0614068_VC
2450,RND_eNB0615143_VC
2451,RND_eNB0616004_VC
2452,RND_eNB0616117_VC
2453,RND_eNB0619057_VC
2454,RND_eNB610214_VC
2455,RND_eNB610320_VC
2456,RND_eNB610561_VC
2457,RND_eNB610607_VC
2458,RND_eNB610915_VC
2459,RND_eNB611032_VC
2460,RND_eNB611186
2461,RND_eNB612182_VC
2462,RND_eNB613836_VC
2463,RND_eNB616026
2464,RND_eNB616141
2465,RND_eNB616198
2466,RND_eNB618688
2467,RND_eNB619074
2468,RND_eNB619085
2469,SCH_eNB231392
2470,VLG_eNB342898
2471,VLG_eNB345417
2472,VLG_eNB345820
2473,eNB0082785_
2474,MSK_777072_VC
2475,MSK_778058_VC
2476,MSK_eNB500610
2477,MSK_eNB502980
2478,MSK_eNB503909
2479,MSK_eNB506816
2480,MSK_eNB770518
2481,MSK_eNB771359
2482,MSK_eNB771713
2483,MSK_eNB772293
2484,MSK_eNB772626
2485,MSK_eNB773191
2486,MSK_eNB773663
2487,MSK_eNB773801
2488,MSK_eNB773964
2489,MSK_eNB773999_VC
2490,MSK_eNB774145
2491,MSK_eNB774154
2492,MSK_eNB774312
2493,MSK_eNB774413
2494,MSK_eNB774545
2495,MSK_eNB774602
2496,MSK_eNB775249
2497,MSK_eNB775573
2498,MSK_eNB776282_VC
2499,MSK_eNB778149
2500,MSK_eNB778226_VC
2501,MSK_eNB778365_VC
2502,MSK_eNB778691
2503,AST_eNB0300087_VC
2504,AST_eNB0302466_VC
2505,AST_eNB0305927_VC
2506,KLG_eNB071643_MTS
2507,KRD_eNB230737
2508,MKL_eNB0509131_MTS
2509,MKL_eNB0509272_MTS
2510,MKL_eNB0509352_MTS
2511,MKL_eNB0509385_MTS
2512,MKL_eNB0509526_MTS
2513,MKL_eNB0509750_MTS
2514,MKL_eNB0509917_MTS
2515,MKL_eNB0509934_MTS
2516,MKL_eNB0510129_MTS
2517,MKL_eNB510353_MTS
2518,NLC_eNB0071685_VC
2519,NLC_eNB0071931_VC
2520,RND_eNB0610076_VC
2521,RND_eNB0611103_VC
2522,RND_eNB0611959_VC
2523,RND_eNB0611965_VC
2524,RND_eNB0612099_VC
2525,RND_eNB0614014_VC
2526,RND_eNB0614138_VC
2527,RND_eNB0615121_VC
2528,RND_eNB0615195_VC
2529,RND_eNB0616035_VC
2530,RND_eNB0616036_VC
2531,RND_eNB0616108_VC
2532,RND_eNB0618665_VC
2533,RND_eNB0618697_VC
2534,RND_eNB0619629_VC
2535,RND_eNB0619638_VC
2536,RND_eNB610330_VC
2537,RND_eNB610348_VC
2538,RND_eNB610523_VC
2539,RND_eNB610654_VC
2540,RND_eNB611068_VC
2541,RND_eNB613813_VC
2542,VLG_eNB343143
2543,YAR_eNB12741__TS
2544,MSK_eNB503253
2545,MSK_eNB770114
2546,MSK_eNB770166_VC
2547,MSK_eNB770280
2548,MSK_eNB770725
2549,MSK_eNB771397
2550,MSK_eNB771465
2551,MSK_eNB771511
2552,MSK_eNB771582
2553,MSK_eNB772721
2554,MSK_eNB772730
2555,MSK_eNB772745
2556,MSK_eNB772855
2557,MSK_eNB773317
2558,MSK_eNB773481_VC
2559,MSK_eNB773757
2560,MSK_eNB774055
2561,MSK_eNB774222
2562,MSK_eNB774341
2563,MSK_eNB774417
2564,MSK_eNB774448
2565,MSK_eNB775175
2566,MSK_eNB775267
2567,MSK_eNB775489
2568,MSK_eNB776954
2569,MSK_eNB777013_VC
2570,MSK_eNB778886_VC
2571,MSK_eNB779173
2572,MSK_eNB779428_VC
2573,MSK_eNB779679_VC
2574,MSK_eNB779922_VC
2575,MSK_eNB990387_VC
2576,MSK_eNB991925_VC
2577,MSK_eNB997199_VC
2578,MSK_eNB999564_VC
2579,AST_eNB0300081_VC
2580,AST_eNB0302912_VC
2581,AST_eNB0303981_VC
2582,AST_eNB0304967_VC
2583,ELS_eNB082897_VC
2584,KLG_eNB071997_MTS
2585,KRD_eNB233330
2586,MKL_eNB0509045_MTS
2587,MKL_eNB0509073_MTS
2588,MKL_eNB0509230_MTS
2589,MKL_eNB0509302_MTS
2590,MKL_eNB0509307_MTS
2591,MKL_eNB0509363_MTS
2592,MKL_eNB0509381_MTS
2593,MKL_eNB0509415_MTS
2594,MKL_eNB0509469_MTS
2595,MKL_eNB0509532_MTS
2596,MKL_eNB0509721_MTS
2597,MKL_eNB0509742_MTS
2598,MKL_eNB0510102_MTS
2599,MKL_eNB0510120_MTS
2600,NNV_eNB305932_MTS
2601,RND_eNB0610031_VC
2602,RND_eNB0610427_VC
2603,RND_eNB0610428_VC
2604,RND_eNB0610649_VC
2605,RND_eNB0611161_VC
2606,RND_eNB0612030_VC
2607,RND_eNB0612031_VC
2608,RND_eNB0612037_VC
2609,RND_eNB0613208_VC
2610,RND_eNB0613209_VC
2611,RND_eNB0613232_VC
2612,RND_eNB0613281_VC
2613,RND_eNB0614090_VC
2614,RND_eNB0614126_VC
2615,RND_eNB0616041_VC
2616,RND_eNB0616070_VC
2617,RND_eNB0616154_VC
2618,RND_eNB0616182_VC
2619,RND_eNB0619026_VC
2620,RND_eNB0619042_VC
2621,RND_eNB0619094_VC
2622,RND_eNB610204_VC
2623,RND_eNB610511_VC
2624,RND_eNB610596_VC
2625,RND_eNB610932_VC
2626,RND_eNB613824_VC
2627,RND_eNB613884_VC
2628,RND_eNB613885_VC
2629,RND_eNB613899_VC
2630,RND_eNB614123
2631,RND_eNB616011
2632,RND_eNB616192
2633,SCH_eNB232335
2634,SCH_eNB232371
2635,MKL_eNB509045_MTS
2636,MKL_eNB509126_MTS
2637,MKL_eNB509780_MTS
2638,MKL_eNB509933_MTS
2639,MKL_eNB509988_MTS
2640,MSK_507925_VC
2641,MSK_eNB500009
2642,MSK_eNB502797
2643,MSK_eNB503332
2644,MSK_eNB504687
2645,MSK_eNB508917
2646,MSK_eNB770048
2647,MSK_eNB770589
2648,MSK_eNB771063
2649,MSK_eNB772154
2650,MSK_eNB773186
2651,MSK_eNB773461
2652,MSK_eNB773492
2653,MSK_eNB773496
2654,MSK_eNB773687
2655,MSK_eNB773746
2656,MSK_eNB773856
2657,MSK_eNB773946
2658,MSK_eNB774288
2659,MSK_eNB774392
2660,MSK_eNB774439
2661,MSK_eNB774529
2662,MSK_eNB774660
2663,MSK_eNB777461_VC
2664,MSK_eNB777737_VC
2665,MSK_eNB777870_VC
2666,MSK_eNB777939
2667,AST_eNB0300009_VC
2668,AST_eNB0304970_VC
2669,AST_eNB303959
2670,KLG_eNB071953_MTS
2671,KLG_eNB071994_MTS
2672,KRD_eNB230728
2673,KRD_eNB234029
2674,MKL_eNB0509223_MTS
2675,MKL_eNB0509265_MTS
2676,MKL_eNB0509403_MTS
2677,MKL_eNB0509442_MTS
2678,MKL_eNB0509445_MTS
2679,MKL_eNB0509458_MTS
2680,MKL_eNB0509478_MTS
2681,MKL_eNB0509680_MTS
2682,MKL_eNB0509727_MTS
2683,MKL_eNB0510036_MTS
2684,MKL_eNB0510101_MTS
2685,MKL_eNB0510126_MTS
2686,MKL_eNB510230_MTS
2687,MKL_eNB510350_MTS
2688,NLC_eNB0071644_VC
2689,NLC_eNB0072670_VC
2690,NLC_eNB0073304_VC
2691,NLC_eNB0079420_VC
2692,NLC_eNB0079422_VC
2693,NLC_eNB075316_VC
2694,RND_eNB0610074_VC
2695,RND_eNB0610097_VC
2696,RND_eNB0610411_VC
2697,RND_eNB0610640_VC
2698,RND_eNB0610657_VC
2699,RND_eNB0611154_VC
2700,RND_eNB0611931_VC
2701,RND_eNB0611941_VC
2702,RND_eNB0611955_VC
2703,RND_eNB0612017_VC
2704,RND_eNB0612076_VC
2705,RND_eNB0612090_VC
2706,RND_eNB0614129_VC
2707,RND_eNB0615104_VC
2708,RND_eNB0615118_VC
2709,RND_eNB0615161_VC
2710,RND_eNB0616043_VC
2711,RND_eNB0616083_VC
2712,RND_eNB0616100_VC
2713,RND_eNB0616128_VC
2714,RND_eNB0616134_VC
2715,RND_eNB0616170_VC
2716,RND_eNB0619617_VC
2717,RND_eNB0619696_VC
2718,RND_eNB611053_VC
2719,RND_eNB612172_VC
2720,RND_eNB613832_VC
2721,RND_eNB618666
2722,RND_eNB618675
2723,SCH_eNB231327
2724,SCH_eNB231796
2725,VLG_eNB342890
2726,eNB85969
2727,ELS_eNB081002_VC
2728,KLG_eNB071668_MTS
2729,KRD_eNB238704
2730,MKL_eNB0509091_MTS
2731,MKL_eNB0509092_MTS
